{
  "mean": 8.021755438859715,
  "std": 13.612277018291943,
  "min": 0.0,
  "max": 50.0
}