{
  "mean": 1.5626406601650413,
  "std": 1.3112357589949095,
  "min": 0.0,
  "max": 9.0
}