{
  "mean": 179.48162040510127,
  "std": 54.210350220869834,
  "min": 0.0,
  "max": 350.8
}