{
  "mean": 200.38615903975995,
  "std": 50.95151511764594,
  "min": 0.0,
  "max": 363.7
}