{
  "mean": 4.467366841710428,
  "std": 2.4561949030129497,
  "min": 0.0,
  "max": 20.0
}