{
  "mean": 10.23702175543886,
  "std": 2.7883485770512593,
  "min": 0.0,
  "max": 20.0
}