{
    "dataset_info": {
        "n_samples": 2666,
        "n_features": 8,
        "feature_names": [
            "Total day minutes",
            "Customer service calls",
            "International plan",
            "Total intl minutes",
            "Total intl calls",
            "Total eve minutes",
            "Number vmail messages",
            "Voice mail plan"
        ],
        "class_distribution": {
            "0": 2278,
            "1": 388
        },
        "missing_values": {
            "Total day minutes": 0,
            "Customer service calls": 0,
            "International plan": 0,
            "Total intl minutes": 0,
            "Total intl calls": 0,
            "Total eve minutes": 0,
            "Number vmail messages": 0,
            "Voice mail plan": 0
        }
    },
    "feature_stats": {
        "Total day minutes": {
            "mean": 179.48162040510127,
            "std": 54.210350220869834,
            "min": 0.0,
            "max": 350.8,
            "unique_values": 1489
        },
        "Customer service calls": {
            "mean": 1.5626406601650413,
            "std": 1.3112357589949095,
            "min": 0.0,
            "max": 9.0,
            "unique_values": 10
        },
        "International plan": {
            "mean": 0.10127531882970743,
            "std": 0.30174953514001535,
            "min": 0.0,
            "max": 1.0,
            "unique_values": 2
        },
        "Total intl minutes": {
            "mean": 10.23702175543886,
            "std": 2.7883485770512593,
            "min": 0.0,
            "max": 20.0,
            "unique_values": 158
        },
        "Total intl calls": {
            "mean": 4.467366841710428,
            "std": 2.4561949030129497,
            "min": 0.0,
            "max": 20.0,
            "unique_values": 21
        },
        "Total eve minutes": {
            "mean": 200.38615903975995,
            "std": 50.95151511764594,
            "min": 0.0,
            "max": 363.7,
            "unique_values": 1442
        },
        "Number vmail messages": {
            "mean": 8.021755438859715,
            "std": 13.612277018291943,
            "min": 0.0,
            "max": 50.0,
            "unique_values": 42
        },
        "Voice mail plan": {
            "mean": 0.27494373593398347,
            "std": 0.4465696820046115,
            "min": 0.0,
            "max": 1.0,
            "unique_values": 2
        }
    }
}