{
    "model_performance": {
        "overall_metrics": {
            "accuracy": 0.9565217391304348,
            "roc_auc": 0.9110783952889216,
            "log_loss": 0.1729857227185728
        },
        "class_metrics": {
            "class_0": {
                "precision": 0.9609507640067911,
                "recall": 0.9895104895104895,
                "f1": 0.9750215331610681
            },
            "class_1": {
                "precision": 0.9230769230769231,
                "recall": 0.7578947368421053,
                "f1": 0.8323699421965318
            }
        },
        "confusion_matrix": {
            "true_negatives": 566,
            "false_positives": 6,
            "false_negatives": 23,
            "true_positives": 72
        },
        "derived_metrics": {
            "balanced_accuracy": 0.8737026131762974,
            "precision_recall_ratio": 1.217948717948718,
            "false_positive_rate": 0.01048951048951049,
            "false_negative_rate": 0.24210526315789474
        }
    },
    "evaluation_timestamp": "2025-03-04T01:39:47.413521",
    "model_recommendation": "production"
}